<!--
     SMT messages for the SMTSSL agent
     Written: 98/05/30
     Revised: 99/06/27

     To compile, use GSLgen with smtgen.sch schema.
     -->
     
<APPLICATION SCHEMA = "smtexdr.sch" TITLE = "Smtssl messages" MODULE = "smtsslm">

  <AGENT        NAME = "smtssl" TITLE = "SMT SSL agent">
  
    <MESSAGE    NAME = "SSL_ACCEPTED"   TYPE = "request" >
      <FIELD    NAME = "socket"         TYPE = "qbyte"  TITLE = "Socket handle for ssl connection" />
      <FIELD    NAME = "user"           TYPE = "string" TITLE = "User name" />
      <FIELD    NAME = "cipher"         TYPE = "string" TITLE = "Cipher used" />
      <FIELD    NAME = "verify"         TYPE = "dbyte"  TITLE = "Level of user verification" />
      <METHOD   NAME = "SSL_ACCEPT"                     TITLE = "Accept SSL connection" />
    </MESSAGE>
    <MESSAGE    NAME = "SSL_OPEN"       TYPE = "request" >
      <FIELD    NAME = "config"         TYPE = "string" TITLE = "Configuration file to use" />
      <METHOD   NAME = "SSL_OPEN"                       TITLE = "Open ssl port" />
    </MESSAGE>
    <MESSAGE    NAME = "SSL_READ_REQUEST" TYPE = "request" >
      <FIELD    NAME = "size"           TYPE = "qbyte"  TITLE = "Maximum size to read" />
      <METHOD   NAME = "SSL_READ_REQUEST"               TITLE = "Request read" />
    </MESSAGE>
    <MESSAGE    NAME = "SSL_WRITE_REQUEST" TYPE = "request" >
      <FIELD    NAME = "timeout"        TYPE = "dbyte"  TITLE = "Timeout in seconds, zero = none" />
      <FIELD    NAME = "socket"         TYPE = "qbyte"  TITLE = "Socket to write to" />
      <FIELD    NAME = "size"           TYPE = "size"   TITLE = "Amount of data to write" />
      <FIELD    NAME = "data"           TYPE = "body"   TITLE = "Block of data to write" />
      <FIELD    NAME = "tag"            TYPE = "qbyte"  TITLE = "User-defined request tag" />
      <METHOD   NAME = "SSL_WRITE_REQUEST"              TITLE = "Write SSL data" />
    </MESSAGE>
    <MESSAGE    NAME = "SSL_PUTS"       TYPE = "request" >
      <FIELD    NAME = "socket"         TYPE = "qbyte"  TITLE = "Socket for output" />
      <FIELD    NAME = "filename"       TYPE = "string" TITLE = "Name of file to send" />
      <FIELD    NAME = "start"          TYPE = "qbyte"  TITLE = "Starting offset; 0 = start" />
      <FIELD    NAME = "end"            TYPE = "qbyte"  TITLE = "Ending offset; 0 = end" />
      <METHOD   NAME = "SSL_PUT_SLICE"                  TITLE = "Write file slice to SSL socket" />
    </MESSAGE>
    <MESSAGE    NAME = "SSL_ERROR"      TYPE = "reply" >
      <FIELD    NAME = "code"           TYPE = "qbyte"  TITLE = "Error code" />
      <METHOD   NAME = "SSL_ERROR"                      TITLE = "Signal SSL error" />
    </MESSAGE>
    <MESSAGE    NAME = "SSL_WRITE_OK"   TYPE = "reply" >
      <FIELD    NAME = "socket"         TYPE = "qbyte"  TITLE = "Socket used for i/o, or new socket" />
      <FIELD    NAME = "tag"            TYPE = "qbyte"  TITLE = "User-defined request tag" />
      <METHOD   NAME = "SSL_WRITE_OK"                   TITLE = "Write OK reply" />
    </MESSAGE>
    <MESSAGE    NAME = "SSL_READ_OK"    TYPE = "reply" >
      <FIELD    NAME = "size"           TYPE = "size"   TITLE = "Size of result" />
      <FIELD    NAME = "data"           TYPE = "body"   TITLE = "Read data" />
      <METHOD   NAME = "SSL_READ_OK"                    TITLE = "Read result data" />
    </MESSAGE>
    <MESSAGE    NAME = "SSL_PUTF_OK"    TYPE = "reply" >
      <FIELD    NAME = "size"           TYPE = "qbyte"  TITLE = "Amount of transmitted data" />
      <METHOD   NAME = "SSL_PUTF_OK"                    TITLE = "File written okay" />
    </MESSAGE>
  </AGENT>
</APPLICATION>
