<!--
     SMT messages for XIXLOG agent
     Written: 98/05/30
     Revised: 99/06/27

     To compile, use GSLgen with smtexdr.sch schema.
     -->
     
<APPLICATION SCHEMA = "smtexdr.sch" TITLE = "Xixlog messages" MODULE = "xixlogm">

  <AGENT        NAME = "xixlog"         TITLE = "Xitami Extended Logging Agent">
    <MESSAGE    NAME = "XIXLOG_SET_RDNS" TYPE = "request" >
      <FIELD    NAME = "primary"        TYPE = "string" TITLE = "Primary DNS server" />
      <FIELD    NAME = "secondary"      TYPE = "string" TITLE = "Secondary DNS server" />
      <FIELD    NAME = "recursive"      TYPE = "Bool"   TITLE = "Do recursive lookups?" />
      <FIELD    NAME = "debug"          TYPE = "Bool"   TITLE = "Debug DNS queries?" />
      <METHOD   NAME = "SET_RDNS"       TITLE = "Initialise RDNS interface" />
    </MESSAGE>
    <MESSAGE    NAME = "XIXLOG_OPEN"    TYPE = "request" >
      <FIELD    NAME = "log_path"       TYPE = "string" TITLE = "Path for logfiles, or empty" />
      <FIELD    NAME = "log_file"       TYPE = "string" TITLE = "Name of logfile" />
      <FIELD    NAME = "log_format"     TYPE = "string" TITLE = "Desired logging format" />
      <FIELD    NAME = "cycle_when"     TYPE = "string" TITLE = "When to cycle logfile" />
      <FIELD    NAME = "cycle_how"      TYPE = "string" TITLE = "How to cycle logfile" />
      <FIELD    NAME = "cycle_time"     TYPE = "string" TITLE = "For time-based cycling" />
      <FIELD    NAME = "cycle_date"     TYPE = "string" TITLE = "For date-based cycling" />
      <FIELD    NAME = "cycle_size"     TYPE = "string" TITLE = "For size-based cycling" />
      <FIELD    NAME = "cycle_lines"    TYPE = "string" TITLE = "For size-based cycling" />
      <FIELD    NAME = "cycle_argument" TYPE = "string" TITLE = "For other cycle methods" />
      <FIELD    NAME = "translate"      TYPE = "Bool"   TITLE = "Do reverse-DNS translation?" />
      <METHOD   NAME = "OPEN"           TITLE = "Open log file" />
    </MESSAGE>
    <MESSAGE    NAME = "XIXLOG_LOG"     TYPE = "request" >
      <FIELD    NAME = "ip_client"      TYPE = "string" TITLE = "IP address of client" />
      <FIELD    NAME = "ip_server"      TYPE = "string" TITLE = "IP address of server" />
      <FIELD    NAME = "user_name"      TYPE = "string" TITLE = "User name, if known" />
      <FIELD    NAME = "service"        TYPE = "string" TITLE = "HTTP or FTP" />
      <FIELD    NAME = "request"        TYPE = "string" TITLE = "Request line (HTTP)" />
      <FIELD    NAME = "query"          TYPE = "string" TITLE = "Query string (HTTP)" />
      <FIELD    NAME = "method"         TYPE = "string" TITLE = "HTTP method or FTP operation" />
      <FIELD    NAME = "response"       TYPE = "string" TITLE = "Response code, 3 digits" />
      <FIELD    NAME = "size_recd"      TYPE = "qbyte"  TITLE = "Request size in bytes" />
      <FIELD    NAME = "size_sent"      TYPE = "qbyte"  TITLE = "Response size in bytes" />
      <FIELD    NAME = "time_ms"        TYPE = "qbyte"  TITLE = "Processing time, in msecs" />
      <FIELD    NAME = "referer"        TYPE = "string" TITLE = "HTTP Referer field" />
      <FIELD    NAME = "agent"          TYPE = "string" TITLE = "HTTP User-Agent field" />
      <FIELD    NAME = "from"           TYPE = "string" TITLE = "HTTP From field" />
      <FIELD    NAME = "file_name"      TYPE = "string" TITLE = "Filename used for request" />
      <FIELD    NAME = "vhost_name"     TYPE = "string" TITLE = "Virtual host used for request" />
      <METHOD   NAME = "LOG"            TITLE = "Log normal request" />
    </MESSAGE>
    <MESSAGE    NAME = "XIXLOG_PUT"     TYPE = "request" >
      <FIELD    NAME = "message"        TYPE = "string" TITLE = "Line of text to log" />
      <METHOD   NAME = "PUT"            TITLE = "Log plain text request" />
    </MESSAGE>
  </AGENT>
</APPLICATION>
